country,year,population,pop_density,net_migration,migration_perc,region,longitude,latitude
Afghanistan,2018-01-01,37172386,56.93776001,0.21237604699999998,0.21237604699999998,South Asia,69.1761,34.5228
Afghanistan,2017-01-01,36296400,55.59599302,-314602.0,-0.008667581,South Asia,69.1761,34.5228
Afghanistan,2016-01-01,35383128,54.19711424,0.21237604699999998,0.21237604699999998,South Asia,69.1761,34.5228
Afghanistan,2015-01-01,34413603,52.71207149999999,0.21237604699999998,0.21237604699999998,South Asia,69.1761,34.5228
Afghanistan,2014-01-01,33370794,51.11477805,0.21237604699999998,0.21237604699999998,South Asia,69.1761,34.5228
Afghanistan,2013-01-01,32269589,49.42803817,0.21237604699999998,0.21237604699999998,South Asia,69.1761,34.5228
Afghanistan,2012-01-01,31161376,47.73056398,521769.0,0.016744093999999998,South Asia,69.1761,34.5228
Afghanistan,2011-01-01,30117413,46.13150293,0.21237604699999998,0.21237604699999998,South Asia,69.1761,34.5228
Afghanistan,2010-01-01,29185507,44.70408204,0.21237604699999998,0.21237604699999998,South Asia,69.1761,34.5228
Afghanistan,2009-01-01,28394813,43.49295867,0.21237604699999998,0.21237604699999998,South Asia,69.1761,34.5228
Afghanistan,2008-01-01,27722276,42.46281898,0.21237604699999998,0.21237604699999998,South Asia,69.1761,34.5228
Afghanistan,2007-01-01,27100536,41.51048617,-1046361.0,-0.038610343,South Asia,69.1761,34.5228
Afghanistan,2006-01-01,26433049,40.48808167,0.21237604699999998,0.21237604699999998,South Asia,69.1761,34.5228
Afghanistan,2005-01-01,25654277,39.2952195,0.21237604699999998,0.21237604699999998,South Asia,69.1761,34.5228
Afghanistan,2004-01-01,24726684,37.87440493,0.21237604699999998,0.21237604699999998,South Asia,69.1761,34.5228
Afghanistan,2003-01-01,23680871,36.27251019,0.21237604699999998,0.21237604699999998,South Asia,69.1761,34.5228
Afghanistan,2002-01-01,22600770,34.61809576,744193.0,0.032927772,South Asia,69.1761,34.5228
Afghanistan,2001-01-01,21606988,33.09589805,0.21237604699999998,0.21237604699999998,South Asia,69.1761,34.5228
Afghanistan,2000-01-01,20779953,31.82911038,0.21237604699999998,0.21237604699999998,South Asia,69.1761,34.5228
Afghanistan,1999-01-01,20170844,30.89612474,0.21237604699999998,0.21237604699999998,South Asia,69.1761,34.5228
Afghanistan,1998-01-01,19737765,30.23276813,0.21237604699999998,0.21237604699999998,South Asia,69.1761,34.5228
Afghanistan,1997-01-01,19357126,29.64973501,-867540.0,-0.044817604000000004,South Asia,69.1761,34.5228
Afghanistan,1996-01-01,18853437,28.87822351,0.21237604699999998,0.21237604699999998,South Asia,69.1761,34.5228
Afghanistan,1995-01-01,18110657,27.74049107,0.21237604699999998,0.21237604699999998,South Asia,69.1761,34.5228
Afghanistan,1994-01-01,17075727,26.15526606,0.21237604699999998,0.21237604699999998,South Asia,69.1761,34.5228
Afghanistan,1993-01-01,15816603,24.22663818,0.21237604699999998,0.21237604699999998,South Asia,69.1761,34.5228
Afghanistan,1992-01-01,14485546,22.18782894,3076383.0,0.21237604699999998,South Asia,69.1761,34.5228
Afghanistan,1991-01-01,13299017,20.37039641,0.21237604699999998,0.21237604699999998,South Asia,69.1761,34.5228
Afghanistan,1990-01-01,12412308,19.01220476,0.21237604699999998,0.21237604699999998,South Asia,69.1761,34.5228
Afghanistan,1989-01-01,11868877,18.17981956,0.21237604699999998,0.21237604699999998,South Asia,69.1761,34.5228
Afghanistan,1988-01-01,11618005,17.79555341,0.21237604699999998,0.21237604699999998,South Asia,69.1761,34.5228
Afghanistan,1987-01-01,11604534,17.77491958,-1525351.0,-0.13144439900000002,South Asia,69.1761,34.5228
Afghanistan,1986-01-01,11736179,17.97656312,0.21237604699999998,0.21237604699999998,South Asia,69.1761,34.5228
Afghanistan,1985-01-01,11938208,18.28601538,0.21237604699999998,0.21237604699999998,South Asia,69.1761,34.5228
Afghanistan,1984-01-01,12204292,18.69358208,0.21237604699999998,0.21237604699999998,South Asia,69.1761,34.5228
Afghanistan,1983-01-01,12537730,19.20431639,0.21237604699999998,0.21237604699999998,South Asia,69.1761,34.5228
Afghanistan,1982-01-01,12882528,19.73245106,-3345095.0,-0.25966138,South Asia,69.1761,34.5228
Afghanistan,1981-01-01,13171673,20.17534081,0.21237604699999998,0.21237604699999998,South Asia,69.1761,34.5228
Afghanistan,1980-01-01,13356511,20.45846123,0.21237604699999998,0.21237604699999998,South Asia,69.1761,34.5228
Afghanistan,1979-01-01,13411056,20.54200901,0.21237604699999998,0.21237604699999998,South Asia,69.1761,34.5228
Afghanistan,1978-01-01,13341198,20.43500597,0.21237604699999998,0.21237604699999998,South Asia,69.1761,34.5228
Afghanistan,1977-01-01,13171306,20.17477867,-1153959.0,-0.087611585,South Asia,69.1761,34.5228
Afghanistan,1976-01-01,12943093,19.8252198,0.21237604699999998,0.21237604699999998,South Asia,69.1761,34.5228
Afghanistan,1975-01-01,12689160,19.43626505,0.21237604699999998,0.21237604699999998,South Asia,69.1761,34.5228
Afghanistan,1974-01-01,12412950,19.01318813,0.21237604699999998,0.21237604699999998,South Asia,69.1761,34.5228
Afghanistan,1973-01-01,12108963,18.54756456,0.21237604699999998,0.21237604699999998,South Asia,69.1761,34.5228
Afghanistan,1972-01-01,11791215,18.06086297,-20000.0,-0.0016961779999999998,South Asia,69.1761,34.5228
Afghanistan,1971-01-01,11475445,17.57719113,0.21237604699999998,0.21237604699999998,South Asia,69.1761,34.5228
Afghanistan,1970-01-01,11173642,17.11491285,0.21237604699999998,0.21237604699999998,South Asia,69.1761,34.5228
Afghanistan,1969-01-01,10893776,16.68623595,0.21237604699999998,0.21237604699999998,South Asia,69.1761,34.5228
Afghanistan,1968-01-01,10637063,16.29302301,0.21237604699999998,0.21237604699999998,South Asia,69.1761,34.5228
Afghanistan,1967-01-01,10399926,15.92979506,-20000.0,-0.001923091,South Asia,69.1761,34.5228
Afghanistan,1966-01-01,10174836,15.58501976,0.21237604699999998,0.21237604699999998,South Asia,69.1761,34.5228
Afghanistan,1965-01-01,9956320,15.250314000000001,0.21237604699999998,0.21237604699999998,South Asia,69.1761,34.5228
Afghanistan,1964-01-01,9744781,14.92629507,0.21237604699999998,0.21237604699999998,South Asia,69.1761,34.5228
Afghanistan,1963-01-01,9543205,14.61753668,0.21237604699999998,0.21237604699999998,South Asia,69.1761,34.5228
Afghanistan,1962-01-01,9351441,14.32380755,-20000.0,-0.002138708,South Asia,69.1761,34.5228
Afghanistan,1961-01-01,9169410,14.04498667,0.21237604699999998,0.21237604699999998,South Asia,69.1761,34.5228
Afghanistan,1960-01-01,8996973,0.21237604699999998,0.21237604699999998,0.21237604699999998,South Asia,69.1761,34.5228
Bangladesh,2018-01-01,161356039,1239.5793119999998,0.21237604699999998,0.21237604699999998,South Asia,90.4113,23.7055
Bangladesh,2017-01-01,159670593,1226.631274,-1847503.0,-0.011570715,South Asia,90.4113,23.7055
Bangladesh,2016-01-01,157970840,1213.573327,0.21237604699999998,0.21237604699999998,South Asia,90.4113,23.7055
Bangladesh,2015-01-01,156256276,1200.4015980000001,0.21237604699999998,0.21237604699999998,South Asia,90.4113,23.7055
Bangladesh,2014-01-01,154520167,1187.0643539999999,0.21237604699999998,0.21237604699999998,South Asia,90.4113,23.7055
Bangladesh,2013-01-01,152764676,1173.578213,0.21237604699999998,0.21237604699999998,South Asia,90.4113,23.7055
Bangladesh,2012-01-01,151007807,1160.081486,-2306839.0,-0.01527629,South Asia,90.4113,23.7055
Bangladesh,2011-01-01,149273778,1146.760221,0.21237604699999998,0.21237604699999998,South Asia,90.4113,23.7055
Bangladesh,2010-01-01,147575430,1133.713068,0.21237604699999998,0.21237604699999998,South Asia,90.4113,23.7055
Bangladesh,2009-01-01,145924797,1121.032473,0.21237604699999998,0.21237604699999998,South Asia,90.4113,23.7055
Bangladesh,2008-01-01,144304167,1108.582369,0.21237604699999998,0.21237604699999998,South Asia,90.4113,23.7055
Bangladesh,2007-01-01,142660376,1095.954337,-3254778.0,-0.02281487,South Asia,90.4113,23.7055
Bangladesh,2006-01-01,140921167,1082.5932779999998,0.21237604699999998,0.21237604699999998,South Asia,90.4113,23.7055
Bangladesh,2005-01-01,139035505,1068.107129,0.21237604699999998,0.21237604699999998,South Asia,90.4113,23.7055
Bangladesh,2004-01-01,136986432,1052.365614,0.21237604699999998,0.21237604699999998,South Asia,90.4113,23.7055
Bangladesh,2003-01-01,134791603,1035.5043640000001,0.21237604699999998,0.21237604699999998,South Asia,90.4113,23.7055
Bangladesh,2002-01-01,132478086,1017.7313210000001,-1492537.0,-0.011266294,South Asia,90.4113,23.7055
Bangladesh,2001-01-01,130088702,999.3754475,0.21237604699999998,0.21237604699999998,South Asia,90.4113,23.7055
Bangladesh,2000-01-01,127657854,980.7010370999999,0.21237604699999998,0.21237604699999998,South Asia,90.4113,23.7055
Bangladesh,1999-01-01,125189651,961.7396558,0.21237604699999998,0.21237604699999998,South Asia,90.4113,23.7055
Bangladesh,1998-01-01,122682815,942.4814857000001,0.21237604699999998,0.21237604699999998,South Asia,90.4113,23.7055
Bangladesh,1997-01-01,120160564,923.1048936000001,-719899.0,-0.005991142,South Asia,90.4113,23.7055
Bangladesh,1996-01-01,117649932,903.8175617,0.21237604699999998,0.21237604699999998,South Asia,90.4113,23.7055
Bangladesh,1995-01-01,115169930,884.7655374,0.21237604699999998,0.21237604699999998,South Asia,90.4113,23.7055
Bangladesh,1994-01-01,112737683,866.0803795,0.21237604699999998,0.21237604699999998,South Asia,90.4113,23.7055
Bangladesh,1993-01-01,110350639,847.7424829,0.21237604699999998,0.21237604699999998,South Asia,90.4113,23.7055
Bangladesh,1992-01-01,107983704,829.5590688999999,-813794.0,-0.007536266999999999,South Asia,90.4113,23.7055
Bangladesh,1991-01-01,105599127,811.2401245,0.21237604699999998,0.21237604699999998,South Asia,90.4113,23.7055
Bangladesh,1990-01-01,103171956,792.5939617,0.21237604699999998,0.21237604699999998,South Asia,90.4113,23.7055
Bangladesh,1989-01-01,100695497,773.5691557,0.21237604699999998,0.21237604699999998,South Asia,90.4113,23.7055
Bangladesh,1988-01-01,98186350,754.2932319,0.21237604699999998,0.21237604699999998,South Asia,90.4113,23.7055
Bangladesh,1987-01-01,95671163,734.9709073,-219363.0,-0.002292885,South Asia,90.4113,23.7055
Bangladesh,1986-01-01,93187603,715.8915495,0.21237604699999998,0.21237604699999998,South Asia,90.4113,23.7055
Bangladesh,1985-01-01,90764183,697.274203,0.21237604699999998,0.21237604699999998,South Asia,90.4113,23.7055
Bangladesh,1984-01-01,88416521,679.2388492,0.21237604699999998,0.21237604699999998,South Asia,90.4113,23.7055
Bangladesh,1983-01-01,86142495,661.7691864,0.21237604699999998,0.21237604699999998,South Asia,90.4113,23.7055
Bangladesh,1982-01-01,83932127,644.7885611,-793826.0,-0.009457952,South Asia,90.4113,23.7055
Bangladesh,1981-01-01,81767515,628.1594453,0.21237604699999998,0.21237604699999998,South Asia,90.4113,23.7055
Bangladesh,1980-01-01,79639491,611.8114082000001,0.21237604699999998,0.21237604699999998,South Asia,90.4113,23.7055
Bangladesh,1979-01-01,77529045,595.5984097999999,0.21237604699999998,0.21237604699999998,South Asia,90.4113,23.7055
Bangladesh,1978-01-01,75450032,579.6268878999999,0.21237604699999998,0.21237604699999998,South Asia,90.4113,23.7055
Bangladesh,1977-01-01,73463584,564.3664746000001,-1137344.0,-0.015481739,South Asia,90.4113,23.7055
Bangladesh,1976-01-01,71652381,550.4523392000001,0.21237604699999998,0.21237604699999998,South Asia,90.4113,23.7055
Bangladesh,1975-01-01,70066301,538.2676577000001,0.21237604699999998,0.21237604699999998,South Asia,90.4113,23.7055
Bangladesh,1974-01-01,68742233,528.0958208000001,0.21237604699999998,0.21237604699999998,South Asia,90.4113,23.7055
Bangladesh,1973-01-01,67637530,519.6092033,0.21237604699999998,0.21237604699999998,South Asia,90.4113,23.7055
Bangladesh,1972-01-01,66625705,511.8360989,-3045287.0,-0.045707389,South Asia,90.4113,23.7055
Bangladesh,1971-01-01,65531633,503.43115159999996,0.21237604699999998,0.21237604699999998,South Asia,90.4113,23.7055
Bangladesh,1970-01-01,64232482,493.4507337,0.21237604699999998,0.21237604699999998,South Asia,90.4113,23.7055
Bangladesh,1969-01-01,62679765,481.5223554,0.21237604699999998,0.21237604699999998,South Asia,90.4113,23.7055
Bangladesh,1968-01-01,60918454,467.9915034,0.21237604699999998,0.21237604699999998,South Asia,90.4113,23.7055
Bangladesh,1967-01-01,59034249,453.51654759999997,-161822.0,-0.002741155,South Asia,90.4113,23.7055
Bangladesh,1966-01-01,57157654,439.10005379999996,0.21237604699999998,0.21237604699999998,South Asia,90.4113,23.7055
Bangladesh,1965-01-01,55385112,425.48292230000004,0.21237604699999998,0.21237604699999998,South Asia,90.4113,23.7055
Bangladesh,1964-01-01,53741716,412.85792430000004,0.21237604699999998,0.21237604699999998,South Asia,90.4113,23.7055
Bangladesh,1963-01-01,52202007,401.0294768,0.21237604699999998,0.21237604699999998,South Asia,90.4113,23.7055
Bangladesh,1962-01-01,50752157,389.8913498,-142378.0,-0.0028053590000000003,South Asia,90.4113,23.7055
Bangladesh,1961-01-01,49362843,379.2182761,0.21237604699999998,0.21237604699999998,South Asia,90.4113,23.7055
Bangladesh,1960-01-01,48013504,0.21237604699999998,0.21237604699999998,0.21237604699999998,South Asia,90.4113,23.7055
Bhutan,2018-01-01,754394,19.77752777,0.21237604699999998,0.21237604699999998,South Asia,89.6177,27.5768
Bhutan,2017-01-01,745568,19.54614144,1600.0,0.002146015,South Asia,89.6177,27.5768
Bhutan,2016-01-01,736709,19.31388997,0.21237604699999998,0.21237604699999998,South Asia,89.6177,27.5768
Bhutan,2015-01-01,727876,19.09583675,0.21237604699999998,0.21237604699999998,South Asia,89.6177,27.5768
Bhutan,2014-01-01,719056,18.86444393,0.21237604699999998,0.21237604699999998,South Asia,89.6177,27.5768
Bhutan,2013-01-01,710238,18.63310358,0.21237604699999998,0.21237604699999998,South Asia,89.6177,27.5768
Bhutan,2012-01-01,701583,18.40603954,300.0,0.000427604,South Asia,89.6177,27.5768
Bhutan,2011-01-01,693298,18.18868245,0.21237604699999998,0.21237604699999998,South Asia,89.6177,27.5768
Bhutan,2010-01-01,685503,17.98418052,0.21237604699999998,0.21237604699999998,South Asia,89.6177,27.5768
Bhutan,2009-01-01,678323,17.79581312,0.21237604699999998,0.21237604699999998,South Asia,89.6177,27.5768
Bhutan,2008-01-01,671613,17.61977618,0.21237604699999998,0.21237604699999998,South Asia,89.6177,27.5768
Bhutan,2007-01-01,664876,17.44303089,-10971.0,-0.016500821000000002,South Asia,89.6177,27.5768
Bhutan,2006-01-01,657410,17.24716028,0.21237604699999998,0.21237604699999998,South Asia,89.6177,27.5768
Bhutan,2005-01-01,648739,17.01967648,0.21237604699999998,0.21237604699999998,South Asia,89.6177,27.5768
Bhutan,2004-01-01,638815,16.759320199999998,0.21237604699999998,0.21237604699999998,South Asia,89.6177,27.5768
Bhutan,2003-01-01,627839,15.77484925,0.21237604699999998,0.21237604699999998,South Asia,89.6177,27.5768
Bhutan,2002-01-01,616018,15.4778392,6171.0,0.010017564,South Asia,89.6177,27.5768
Bhutan,2001-01-01,603640,15.16683417,0.21237604699999998,0.21237604699999998,South Asia,89.6177,27.5768
Bhutan,2000-01-01,591021,14.84977387,0.21237604699999998,0.21237604699999998,South Asia,89.6177,27.5768
Bhutan,1999-01-01,577881,14.51962312,0.21237604699999998,0.21237604699999998,South Asia,89.6177,27.5768
Bhutan,1998-01-01,564377,14.18032663,0.21237604699999998,0.21237604699999998,South Asia,89.6177,27.5768
Bhutan,1997-01-01,551709,13.86203518,143.0,0.000259195,South Asia,89.6177,27.5768
Bhutan,1996-01-01,541465,13.60464824,0.21237604699999998,0.21237604699999998,South Asia,89.6177,27.5768
Bhutan,1995-01-01,534620,13.43266332,0.21237604699999998,0.21237604699999998,South Asia,89.6177,27.5768
Bhutan,1994-01-01,531897,13.36424623,0.21237604699999998,0.21237604699999998,South Asia,89.6177,27.5768
Bhutan,1993-01-01,532596,11.39901167,0.21237604699999998,0.21237604699999998,South Asia,89.6177,27.5768
Bhutan,1992-01-01,534516,11.44010492,-58565.0,-0.109566411,South Asia,89.6177,27.5768
Bhutan,1991-01-01,534632,11.44258764,0.21237604699999998,0.21237604699999998,South Asia,89.6177,27.5768
Bhutan,1990-01-01,530804,11.36065797,0.21237604699999998,0.21237604699999998,South Asia,89.6177,27.5768
Bhutan,1989-01-01,522179,11.17605937,0.21237604699999998,0.21237604699999998,South Asia,89.6177,27.5768
Bhutan,1988-01-01,509540,10.90555019,0.21237604699999998,0.21237604699999998,South Asia,89.6177,27.5768
Bhutan,1987-01-01,494312,10.57962932,1595.0,0.003226707,South Asia,89.6177,27.5768
Bhutan,1986-01-01,478692,10.24531858,0.21237604699999998,0.21237604699999998,South Asia,89.6177,27.5768
Bhutan,1985-01-01,464266,9.936562708,0.21237604699999998,0.21237604699999998,South Asia,89.6177,27.5768
Bhutan,1984-01-01,451476,9.662821712000001,0.21237604699999998,0.21237604699999998,South Asia,89.6177,27.5768
Bhutan,1983-01-01,439822,9.413394225,0.21237604699999998,0.21237604699999998,South Asia,89.6177,27.5768
Bhutan,1982-01-01,428934,9.180361234,797.0,0.001858095,South Asia,89.6177,27.5768
Bhutan,1981-01-01,418111,8.94871942,0.21237604699999998,0.21237604699999998,South Asia,89.6177,27.5768
Bhutan,1980-01-01,406875,8.708238277000001,0.21237604699999998,0.21237604699999998,South Asia,89.6177,27.5768
Bhutan,1979-01-01,395195,8.458254318,0.21237604699999998,0.21237604699999998,South Asia,89.6177,27.5768
Bhutan,1978-01-01,383326,8.204225243,0.21237604699999998,0.21237604699999998,South Asia,89.6177,27.5768
Bhutan,1977-01-01,371428,7.949575488,10016.0,0.026966195,South Asia,89.6177,27.5768
Bhutan,1976-01-01,359725,7.699099267,0.21237604699999998,0.21237604699999998,South Asia,89.6177,27.5768
Bhutan,1975-01-01,348396,7.4566276689999995,0.21237604699999998,0.21237604699999998,South Asia,89.6177,27.5768
Bhutan,1974-01-01,337485,7.2231024139999995,0.21237604699999998,0.21237604699999998,South Asia,89.6177,27.5768
Bhutan,1973-01-01,326982,6.998309476,0.21237604699999998,0.21237604699999998,South Asia,89.6177,27.5768
Bhutan,1972-01-01,316828,6.780986092999999,10001.0,0.031566023,South Asia,89.6177,27.5768
Bhutan,1971-01-01,306955,6.569676879,0.21237604699999998,0.21237604699999998,South Asia,89.6177,27.5768
Bhutan,1970-01-01,297316,6.363375905,0.21237604699999998,0.21237604699999998,South Asia,89.6177,27.5768
Bhutan,1969-01-01,287891,6.1616551170000005,0.21237604699999998,0.21237604699999998,South Asia,89.6177,27.5768
Bhutan,1968-01-01,278734,5.965670262000001,0.21237604699999998,0.21237604699999998,South Asia,89.6177,27.5768
Bhutan,1967-01-01,269947,5.777604418999999,10000.0,0.037044309,South Asia,89.6177,27.5768
Bhutan,1966-01-01,261668,5.600411167000001,0.21237604699999998,0.21237604699999998,South Asia,89.6177,27.5768
Bhutan,1965-01-01,253994,5.436166569,0.21237604699999998,0.21237604699999998,South Asia,89.6177,27.5768
Bhutan,1964-01-01,246964,5.285705334,0.21237604699999998,0.21237604699999998,South Asia,89.6177,27.5768
Bhutan,1963-01-01,240523,5.14785031,0.21237604699999998,0.21237604699999998,South Asia,89.6177,27.5768
Bhutan,1962-01-01,234554,5.020097378,5000.0,0.021317053,South Asia,89.6177,27.5768
Bhutan,1961-01-01,228851,4.898037574,0.21237604699999998,0.21237604699999998,South Asia,89.6177,27.5768
Bhutan,1960-01-01,223288,0.21237604699999998,0.21237604699999998,0.21237604699999998,South Asia,89.6177,27.5768
India,2018-01-01,1352617328,454.9380726,0.21237604699999998,0.21237604699999998,South Asia,77.225,28.6353
India,2017-01-01,1338658835,450.2432858,-2663434.0,-0.001989629,South Asia,77.225,28.6353
India,2016-01-01,1324509589,445.4843414,0.21237604699999998,0.21237604699999998,South Asia,77.225,28.6353
India,2015-01-01,1310152403,440.65545860000003,0.21237604699999998,0.21237604699999998,South Asia,77.225,28.6353
India,2014-01-01,1295604184,435.76232400000004,0.21237604699999998,0.21237604699999998,South Asia,77.225,28.6353
India,2013-01-01,1280846129,430.79861330000006,0.21237604699999998,0.21237604699999998,South Asia,77.225,28.6353
India,2012-01-01,1265782790,425.73222360000005,-2350075.0,-0.001856618,South Asia,77.225,28.6353
India,2011-01-01,1250288729,420.5209654,0.21237604699999998,0.21237604699999998,South Asia,77.225,28.6353
India,2010-01-01,1234281170,415.13699760000003,0.21237604699999998,0.21237604699999998,South Asia,77.225,28.6353
India,2009-01-01,1217726215,409.5689192,0.21237604699999998,0.21237604699999998,South Asia,77.225,28.6353
India,2008-01-01,1200669765,403.8321685,0.21237604699999998,0.21237604699999998,South Asia,77.225,28.6353
India,2007-01-01,1183209472,397.9595895,-2655844.0,-0.00224461,South Asia,77.225,28.6353
India,2006-01-01,1165486291,391.99859110000006,0.21237604699999998,0.21237604699999998,South Asia,77.225,28.6353
India,2005-01-01,1147609927,385.98607119999997,0.21237604699999998,0.21237604699999998,South Asia,77.225,28.6353
India,2004-01-01,1129623456,379.93651800000004,0.21237604699999998,0.21237604699999998,South Asia,77.225,28.6353
India,2003-01-01,1111523144,373.8486757,0.21237604699999998,0.21237604699999998,South Asia,77.225,28.6353
India,2002-01-01,1093317189,367.7253014,-1888986.0,-0.0017277570000000001,South Asia,77.225,28.6353
India,2001-01-01,1075000085,361.5645435,0.21237604699999998,0.21237604699999998,South Asia,77.225,28.6353
India,2000-01-01,1056575549,355.3676519,0.21237604699999998,0.21237604699999998,South Asia,77.225,28.6353
India,1999-01-01,1038058156,349.13952889999996,0.21237604699999998,0.21237604699999998,South Asia,77.225,28.6353
India,1998-01-01,1019483581,342.8921734,0.21237604699999998,0.21237604699999998,South Asia,77.225,28.6353
India,1997-01-01,1000900030,336.64179889999997,-682569.0,-0.000681955,South Asia,77.225,28.6353
India,1996-01-01,982365243,330.4078256,0.21237604699999998,0.21237604699999998,South Asia,77.225,28.6353
India,1995-01-01,963922588,324.20483989999997,0.21237604699999998,0.21237604699999998,South Asia,77.225,28.6353
India,1994-01-01,945601831,318.04285330000005,0.21237604699999998,0.21237604699999998,South Asia,77.225,28.6353
India,1993-01-01,927403860,311.9221644,0.21237604699999998,0.21237604699999998,South Asia,77.225,28.6353
India,1992-01-01,909307016,305.8354885,-552948.0,-0.0006080980000000001,South Asia,77.225,28.6353
India,1991-01-01,891273209,299.7700144,0.21237604699999998,0.21237604699999998,South Asia,77.225,28.6353
India,1990-01-01,873277798,293.7174543,0.21237604699999998,0.21237604699999998,South Asia,77.225,28.6353
India,1989-01-01,855334678,287.6824818,0.21237604699999998,0.21237604699999998,South Asia,77.225,28.6353
India,1988-01-01,837468930,281.6735325,0.21237604699999998,0.21237604699999998,South Asia,77.225,28.6353
India,1987-01-01,819682102,275.691127,45150.0,5.5100000000000004e-05,South Asia,77.225,28.6353
India,1986-01-01,801975244,269.7356186,0.21237604699999998,0.21237604699999998,South Asia,77.225,28.6353
India,1985-01-01,784360008,263.8109263,0.21237604699999998,0.21237604699999998,South Asia,77.225,28.6353
India,1984-01-01,766833410,257.9160464,0.21237604699999998,0.21237604699999998,South Asia,77.225,28.6353
India,1983-01-01,749428958,252.062249,0.21237604699999998,0.21237604699999998,South Asia,77.225,28.6353
India,1982-01-01,732239504,246.28076380000002,579708.0,0.000791692,South Asia,77.225,28.6353
India,1981-01-01,715384993,240.611933,0.21237604699999998,0.21237604699999998,South Asia,77.225,28.6353
India,1980-01-01,698952844,235.08515899999998,0.21237604699999998,0.21237604699999998,South Asia,77.225,28.6353
India,1979-01-01,682995354,229.7180315,0.21237604699999998,0.21237604699999998,South Asia,77.225,28.6353
India,1978-01-01,667499806,224.50627310000002,0.21237604699999998,0.21237604699999998,South Asia,77.225,28.6353
India,1977-01-01,652408776,219.4305699,1111236.0,0.0017032820000000002,South Asia,77.225,28.6353
India,1976-01-01,637630087,214.4599191,0.21237604699999998,0.21237604699999998,South Asia,77.225,28.6353
India,1975-01-01,623102897,209.5738574,0.21237604699999998,0.21237604699999998,South Asia,77.225,28.6353
India,1974-01-01,608802600,204.7641086,0.21237604699999998,0.21237604699999998,South Asia,77.225,28.6353
India,1973-01-01,594770134,200.04444180000002,0.21237604699999998,0.21237604699999998,South Asia,77.225,28.6353
India,1972-01-01,581087256,195.44235519999998,2106041.0,0.003624311,South Asia,77.225,28.6353
India,1971-01-01,567868018,190.99620880000003,0.21237604699999998,0.21237604699999998,South Asia,77.225,28.6353
India,1970-01-01,555189792,186.7320259,0.21237604699999998,0.21237604699999998,South Asia,77.225,28.6353
India,1969-01-01,543084336,182.6604879,0.21237604699999998,0.21237604699999998,South Asia,77.225,28.6353
India,1968-01-01,531513824,178.76887250000001,0.21237604699999998,0.21237604699999998,South Asia,77.225,28.6353
India,1967-01-01,520400576,175.03105280000003,-342846.0,-0.0006588119999999999,South Asia,77.225,28.6353
India,1966-01-01,509631500,171.4089917,0.21237604699999998,0.21237604699999998,South Asia,77.225,28.6353
India,1965-01-01,499123324,167.87468140000001,0.21237604699999998,0.21237604699999998,South Asia,77.225,28.6353
India,1964-01-01,488848135,164.4187338,0.21237604699999998,0.21237604699999998,South Asia,77.225,28.6353
India,1963-01-01,478825608,161.04776619999998,0.21237604699999998,0.21237604699999998,South Asia,77.225,28.6353
India,1962-01-01,469077190,157.76899219999999,-85391.0,-0.00018204,South Asia,77.225,28.6353
India,1961-01-01,459642165,154.5956246,0.21237604699999998,0.21237604699999998,South Asia,77.225,28.6353
India,1960-01-01,450547679,0.21237604699999998,0.21237604699999998,0.21237604699999998,South Asia,77.225,28.6353
Maldives,2018-01-01,515696,1718.9866670000001,0.21237604699999998,0.21237604699999998,South Asia,73.5109,4.1742
Maldives,2017-01-01,496402,1654.673333,56851.0,0.11452613,South Asia,73.5109,4.1742
Maldives,2016-01-01,475513,1585.043333,0.21237604699999998,0.21237604699999998,South Asia,73.5109,4.1742
Maldives,2015-01-01,454915,1516.383333,0.21237604699999998,0.21237604699999998,South Asia,73.5109,4.1742
Maldives,2014-01-01,435015,1450.05,0.21237604699999998,0.21237604699999998,South Asia,73.5109,4.1742
Maldives,2013-01-01,415593,1385.31,0.21237604699999998,0.21237604699999998,South Asia,73.5109,4.1742
Maldives,2012-01-01,397237,1324.123333,58358.0,0.146909779,South Asia,73.5109,4.1742
Maldives,2011-01-01,380495,1268.316667,0.21237604699999998,0.21237604699999998,South Asia,73.5109,4.1742
Maldives,2010-01-01,365734,1219.113333,0.21237604699999998,0.21237604699999998,South Asia,73.5109,4.1742
Maldives,2009-01-01,353398,1177.9933330000001,0.21237604699999998,0.21237604699999998,South Asia,73.5109,4.1742
Maldives,2008-01-01,343452,1144.84,0.21237604699999998,0.21237604699999998,South Asia,73.5109,4.1742
Maldives,2007-01-01,335169,1117.23,17994.0,0.053686349,South Asia,73.5109,4.1742
Maldives,2006-01-01,327487,1091.623333,0.21237604699999998,0.21237604699999998,South Asia,73.5109,4.1742
Maldives,2005-01-01,319608,1065.36,0.21237604699999998,0.21237604699999998,South Asia,73.5109,4.1742
Maldives,2004-01-01,311265,1037.55,0.21237604699999998,0.21237604699999998,South Asia,73.5109,4.1742
Maldives,2003-01-01,302683,1008.943333,0.21237604699999998,0.21237604699999998,South Asia,73.5109,4.1742
Maldives,2002-01-01,294186,980.62,17392.0,0.059119060999999994,South Asia,73.5109,4.1742
Maldives,2001-01-01,286306,954.3533332999999,0.21237604699999998,0.21237604699999998,South Asia,73.5109,4.1742
Maldives,2000-01-01,279398,931.3266667000001,0.21237604699999998,0.21237604699999998,South Asia,73.5109,4.1742
Maldives,1999-01-01,273527,911.7566667000001,0.21237604699999998,0.21237604699999998,South Asia,73.5109,4.1742
Maldives,1998-01-01,268455,894.85,0.21237604699999998,0.21237604699999998,South Asia,73.5109,4.1742
Maldives,1997-01-01,263842,879.4733332999999,-1100.0,-0.004169162,South Asia,73.5109,4.1742
Maldives,1996-01-01,259183,863.9433332999998,0.21237604699999998,0.21237604699999998,South Asia,73.5109,4.1742
Maldives,1995-01-01,254139,847.13,0.21237604699999998,0.21237604699999998,South Asia,73.5109,4.1742
Maldives,1994-01-01,248588,828.6266667,0.21237604699999998,0.21237604699999998,South Asia,73.5109,4.1742
Maldives,1993-01-01,242605,808.6833333,0.21237604699999998,0.21237604699999998,South Asia,73.5109,4.1742
Maldives,1992-01-01,236265,787.55,-3072.0,-0.013002349,South Asia,73.5109,4.1742
Maldives,1991-01-01,229751,765.8366667,0.21237604699999998,0.21237604699999998,South Asia,73.5109,4.1742
Maldives,1990-01-01,223158,743.86,0.21237604699999998,0.21237604699999998,South Asia,73.5109,4.1742
Maldives,1989-01-01,216510,721.7,0.21237604699999998,0.21237604699999998,South Asia,73.5109,4.1742
Maldives,1988-01-01,209785,699.2833333,0.21237604699999998,0.21237604699999998,South Asia,73.5109,4.1742
Maldives,1987-01-01,203028,676.76,-2605.0,-0.012830743,South Asia,73.5109,4.1742
Maldives,1986-01-01,196264,654.2133332999999,0.21237604699999998,0.21237604699999998,South Asia,73.5109,4.1742
Maldives,1985-01-01,189537,631.79,0.21237604699999998,0.21237604699999998,South Asia,73.5109,4.1742
Maldives,1984-01-01,182850,609.5,0.21237604699999998,0.21237604699999998,South Asia,73.5109,4.1742
Maldives,1983-01-01,176244,587.48,0.21237604699999998,0.21237604699999998,South Asia,73.5109,4.1742
Maldives,1982-01-01,169851,566.17,0.0,0.0,South Asia,73.5109,4.1742
Maldives,1981-01-01,163824,546.08,0.21237604699999998,0.21237604699999998,South Asia,73.5109,4.1742
Maldives,1980-01-01,158272,527.5733333000001,0.21237604699999998,0.21237604699999998,South Asia,73.5109,4.1742
Maldives,1979-01-01,153276,510.92,0.21237604699999998,0.21237604699999998,South Asia,73.5109,4.1742
Maldives,1978-01-01,148780,495.9333333000001,0.21237604699999998,0.21237604699999998,South Asia,73.5109,4.1742
Maldives,1977-01-01,144631,482.10333330000003,0.0,0.0,South Asia,73.5109,4.1742
Maldives,1976-01-01,140563,468.54333330000003,0.21237604699999998,0.21237604699999998,South Asia,73.5109,4.1742
Maldives,1975-01-01,136417,454.72333330000004,0.21237604699999998,0.21237604699999998,South Asia,73.5109,4.1742
Maldives,1974-01-01,132104,440.34666669999996,0.21237604699999998,0.21237604699999998,South Asia,73.5109,4.1742
Maldives,1973-01-01,127701,425.67,0.21237604699999998,0.21237604699999998,South Asia,73.5109,4.1742
Maldives,1972-01-01,123354,411.18,2415.0,0.0195778,South Asia,73.5109,4.1742
Maldives,1971-01-01,119302,397.6733333,0.21237604699999998,0.21237604699999998,South Asia,73.5109,4.1742
Maldives,1970-01-01,115691,385.6366667,0.21237604699999998,0.21237604699999998,South Asia,73.5109,4.1742
Maldives,1969-01-01,112582,375.2733333,0.21237604699999998,0.21237604699999998,South Asia,73.5109,4.1742
Maldives,1968-01-01,109891,366.3033333,0.21237604699999998,0.21237604699999998,South Asia,73.5109,4.1742
Maldives,1967-01-01,107478,358.26,-2904.0,-0.027019482999999997,South Asia,73.5109,4.1742
Maldives,1966-01-01,105136,350.4533333,0.21237604699999998,0.21237604699999998,South Asia,73.5109,4.1742
Maldives,1965-01-01,102718,342.3933333,0.21237604699999998,0.21237604699999998,South Asia,73.5109,4.1742
Maldives,1964-01-01,100171,333.9033333,0.21237604699999998,0.21237604699999998,South Asia,73.5109,4.1742
Maldives,1963-01-01,97551,325.17,0.21237604699999998,0.21237604699999998,South Asia,73.5109,4.1742
Maldives,1962-01-01,94905,316.35,-581.0,-0.006121911,South Asia,73.5109,4.1742
Maldives,1961-01-01,92325,307.75,0.21237604699999998,0.21237604699999998,South Asia,73.5109,4.1742
Maldives,1960-01-01,89863,0.21237604699999998,0.21237604699999998,0.21237604699999998,South Asia,73.5109,4.1742
Nepal,2018-01-01,28087871,195.9391071,0.21237604699999998,0.21237604699999998,South Asia,85.3157,27.6939
Nepal,2017-01-01,27627124,192.7249669,208549.0,0.007548705,South Asia,85.3157,27.6939
Nepal,2016-01-01,27261131,190.17182419999997,0.21237604699999998,0.21237604699999998,South Asia,85.3157,27.6939
Nepal,2015-01-01,27015031,188.4550471,0.21237604699999998,0.21237604699999998,South Asia,85.3157,27.6939
Nepal,2014-01-01,26906926,187.7009138,0.21237604699999998,0.21237604699999998,South Asia,85.3157,27.6939
Nepal,2013-01-01,26917906,187.7775096,0.21237604699999998,0.21237604699999998,South Asia,85.3157,27.6939
Nepal,2012-01-01,26989862,188.27946980000002,-2040239.0,-0.07559279099999999,South Asia,85.3157,27.6939
Nepal,2011-01-01,27041437,188.6392536,0.21237604699999998,0.21237604699999998,South Asia,85.3157,27.6939
Nepal,2010-01-01,27013212,188.44235790000002,0.21237604699999998,0.21237604699999998,South Asia,85.3157,27.6939
Nepal,2009-01-01,26883535,187.5377398,0.21237604699999998,0.21237604699999998,South Asia,85.3157,27.6939
Nepal,2008-01-01,26666576,186.0242483,0.21237604699999998,0.21237604699999998,South Asia,85.3157,27.6939
Nepal,2007-01-01,26382581,184.04311819999998,-971580.0,-0.036826571,South Asia,85.3157,27.6939
Nepal,2006-01-01,26066693,181.8395047,0.21237604699999998,0.21237604699999998,South Asia,85.3157,27.6939
Nepal,2005-01-01,25744500,179.59190790000002,0.21237604699999998,0.21237604699999998,South Asia,85.3157,27.6939
Nepal,2004-01-01,25419344,177.3236414,0.21237604699999998,0.21237604699999998,South Asia,85.3157,27.6939
Nepal,2003-01-01,25080872,174.9624834,0.21237604699999998,0.21237604699999998,South Asia,85.3157,27.6939
Nepal,2002-01-01,24725627,172.4843181,-772525.0,-0.031243899,South Asia,85.3157,27.6939
Nepal,2001-01-01,24347106,169.843781,0.21237604699999998,0.21237604699999998,South Asia,85.3157,27.6939
Nepal,2000-01-01,23941110,167.01158,0.21237604699999998,0.21237604699999998,South Asia,85.3157,27.6939
Nepal,1999-01-01,23509964,164.40534269999998,0.21237604699999998,0.21237604699999998,South Asia,85.3157,27.6939
Nepal,1998-01-01,23057883,161.2439371,0.21237604699999998,0.21237604699999998,South Asia,85.3157,27.6939
Nepal,1997-01-01,22584775,157.9354895,-464703.0,-0.020575941,South Asia,85.3157,27.6939
Nepal,1996-01-01,22090352,154.47798600000002,0.21237604699999998,0.21237604699999998,South Asia,85.3157,27.6939
Nepal,1995-01-01,21576071,150.88161540000002,0.21237604699999998,0.21237604699999998,South Asia,85.3157,27.6939
Nepal,1994-01-01,21040904,147.1391888,0.21237604699999998,0.21237604699999998,South Asia,85.3157,27.6939
Nepal,1993-01-01,20489975,143.2865385,0.21237604699999998,0.21237604699999998,South Asia,85.3157,27.6939
Nepal,1992-01-01,19938320,139.42881119999998,76064.0,0.003814965,South Asia,85.3157,27.6939
Nepal,1991-01-01,19405504,135.70282519999998,0.21237604699999998,0.21237604699999998,South Asia,85.3157,27.6939
Nepal,1990-01-01,18905478,132.2061399,0.21237604699999998,0.21237604699999998,South Asia,85.3157,27.6939
Nepal,1989-01-01,18445028,128.9862098,0.21237604699999998,0.21237604699999998,South Asia,85.3157,27.6939
Nepal,1988-01-01,18020753,126.0192517,0.21237604699999998,0.21237604699999998,South Asia,85.3157,27.6939
Nepal,1987-01-01,17623693,123.24260840000001,-216407.0,-0.012279321999999999,South Asia,85.3157,27.6939
Nepal,1986-01-01,17239673,120.5571538,0.21237604699999998,0.21237604699999998,South Asia,85.3157,27.6939
Nepal,1985-01-01,16858310,117.89027970000001,0.21237604699999998,0.21237604699999998,South Asia,85.3157,27.6939
Nepal,1984-01-01,16477473,115.22708390000001,0.21237604699999998,0.21237604699999998,South Asia,85.3157,27.6939
Nepal,1983-01-01,16100617,112.5917273,0.21237604699999998,0.21237604699999998,South Asia,85.3157,27.6939
Nepal,1982-01-01,15729431,109.996021,-101147.0,-0.00643043,South Asia,85.3157,27.6939
Nepal,1981-01-01,15367230,107.4631469,0.21237604699999998,0.21237604699999998,South Asia,85.3157,27.6939
Nepal,1980-01-01,15016402,105.00980420000002,0.21237604699999998,0.21237604699999998,South Asia,85.3157,27.6939
Nepal,1979-01-01,14676929,102.6358671,0.21237604699999998,0.21237604699999998,South Asia,85.3157,27.6939
Nepal,1978-01-01,14347641,100.33315379999999,0.21237604699999998,0.21237604699999998,South Asia,85.3157,27.6939
Nepal,1977-01-01,14028536,98.10165035,-41002.0,-0.0029227570000000002,South Asia,85.3157,27.6939
Nepal,1976-01-01,13719471,95.94035664,0.21237604699999998,0.21237604699999998,South Asia,85.3157,27.6939
Nepal,1975-01-01,13420369,93.84873427,0.21237604699999998,0.21237604699999998,South Asia,85.3157,27.6939
Nepal,1974-01-01,13131260,91.82699301,0.21237604699999998,0.21237604699999998,South Asia,85.3157,27.6939
Nepal,1973-01-01,12852206,89.87556643,0.21237604699999998,0.21237604699999998,South Asia,85.3157,27.6939
Nepal,1972-01-01,12583140,87.99398601,-5799.0,-0.000460855,South Asia,85.3157,27.6939
Nepal,1971-01-01,12323982,86.18169231,0.21237604699999998,0.21237604699999998,South Asia,85.3157,27.6939
Nepal,1970-01-01,12074626,84.43794406,0.21237604699999998,0.21237604699999998,South Asia,85.3157,27.6939
Nepal,1969-01-01,11834654,82.75981818,0.21237604699999998,0.21237604699999998,South Asia,85.3157,27.6939
Nepal,1968-01-01,11603928,81.14634965,0.21237604699999998,0.21237604699999998,South Asia,85.3157,27.6939
Nepal,1967-01-01,11382967,79.60116783,-21075.0,-0.001851451,South Asia,85.3157,27.6939
Nepal,1966-01-01,11172529,78.12957343,0.21237604699999998,0.21237604699999998,South Asia,85.3157,27.6939
Nepal,1965-01-01,10972912,76.73365035,0.21237604699999998,0.21237604699999998,South Asia,85.3157,27.6939
Nepal,1964-01-01,10783967,75.41235664,0.21237604699999998,0.21237604699999998,South Asia,85.3157,27.6939
Nepal,1963-01-01,10604621,74.15818881,0.21237604699999998,0.21237604699999998,South Asia,85.3157,27.6939
Nepal,1962-01-01,10433145,72.95905594,-70000.0,-0.0067093859999999995,South Asia,85.3157,27.6939
Nepal,1961-01-01,10267264,71.79904895,0.21237604699999998,0.21237604699999998,South Asia,85.3157,27.6939
Nepal,1960-01-01,10105050,0.21237604699999998,0.21237604699999998,0.21237604699999998,South Asia,85.3157,27.6939
Pakistan,2018-01-01,212215030,275.28931869999997,0.21237604699999998,0.21237604699999998,South Asia,72.8,30.5167
Pakistan,2017-01-01,207896686,269.6874818,-1166895.0,-0.00561286,South Asia,72.8,30.5167
Pakistan,2016-01-01,203627284,264.1491335,0.21237604699999998,0.21237604699999998,South Asia,72.8,30.5167
Pakistan,2015-01-01,199426964,258.7003995,0.21237604699999998,0.21237604699999998,South Asia,72.8,30.5167
Pakistan,2014-01-01,195306825,253.35567790000002,0.21237604699999998,0.21237604699999998,South Asia,72.8,30.5167
Pakistan,2013-01-01,191262919,248.10984720000002,0.21237604699999998,0.21237604699999998,South Asia,72.8,30.5167
Pakistan,2012-01-01,187281475,242.9450433,-1079167.0,-0.005762273,South Asia,72.8,30.5167
Pakistan,2011-01-01,183340592,237.832856,0.21237604699999998,0.21237604699999998,South Asia,72.8,30.5167
Pakistan,2010-01-01,179424641,232.7530108,0.21237604699999998,0.21237604699999998,South Asia,72.8,30.5167
Pakistan,2009-01-01,175525609,227.6951134,0.21237604699999998,0.21237604699999998,South Asia,72.8,30.5167
Pakistan,2008-01-01,171648986,222.6662853,0.21237604699999998,0.21237604699999998,South Asia,72.8,30.5167
Pakistan,2007-01-01,167808105,217.6838224,-339805.0,-0.002024962,South Asia,72.8,30.5167
Pakistan,2006-01-01,164022627,212.7732293,0.21237604699999998,0.21237604699999998,South Asia,72.8,30.5167
Pakistan,2005-01-01,160304008,207.949367,0.21237604699999998,0.21237604699999998,South Asia,72.8,30.5167
Pakistan,2004-01-01,156664697,203.2283844,0.21237604699999998,0.21237604699999998,South Asia,72.8,30.5167
Pakistan,2003-01-01,153093373,198.5955959,0.21237604699999998,0.21237604699999998,South Asia,72.8,30.5167
Pakistan,2002-01-01,149549700,193.99867680000003,-650182.0,-0.004347598,South Asia,72.8,30.5167
Pakistan,2001-01-01,145978402,189.36592209999998,0.21237604699999998,0.21237604699999998,South Asia,72.8,30.5167
Pakistan,2000-01-01,142343578,184.6507602,0.21237604699999998,0.21237604699999998,South Asia,72.8,30.5167
Pakistan,1999-01-01,138624621,179.8264594,0.21237604699999998,0.21237604699999998,South Asia,72.8,30.5167
Pakistan,1998-01-01,134843233,174.9211719,0.21237604699999998,0.21237604699999998,South Asia,72.8,30.5167
Pakistan,1997-01-01,131057431,170.0101585,470909.0,0.00359315,South Asia,72.8,30.5167
Pakistan,1996-01-01,127349290,165.19988840000002,0.21237604699999998,0.21237604699999998,South Asia,72.8,30.5167
Pakistan,1995-01-01,123776839,160.56563799999998,0.21237604699999998,0.21237604699999998,South Asia,72.8,30.5167
Pakistan,1994-01-01,120362762,156.13683319999998,0.21237604699999998,0.21237604699999998,South Asia,72.8,30.5167
Pakistan,1993-01-01,117086685,151.8870447,0.21237604699999998,0.21237604699999998,South Asia,72.8,30.5167
Pakistan,1992-01-01,113911126,147.76765,-1023387.0,-0.008984083,South Asia,72.8,30.5167
Pakistan,1991-01-01,110778648,143.70414069999998,0.21237604699999998,0.21237604699999998,South Asia,72.8,30.5167
Pakistan,1990-01-01,107647921,139.6429029,0.21237604699999998,0.21237604699999998,South Asia,72.8,30.5167
Pakistan,1989-01-01,104512881,135.57607019999998,0.21237604699999998,0.21237604699999998,South Asia,72.8,30.5167
Pakistan,1988-01-01,101389603,131.5244954,0.21237604699999998,0.21237604699999998,South Asia,72.8,30.5167
Pakistan,1987-01-01,98285755,127.49812549999999,139790.0,0.001422281,South Asia,72.8,30.5167
Pakistan,1986-01-01,95215378,123.5151749,0.21237604699999998,0.21237604699999998,South Asia,72.8,30.5167
Pakistan,1985-01-01,92191510,119.59255659999998,0.21237604699999998,0.21237604699999998,South Asia,72.8,30.5167
Pakistan,1984-01-01,89213706,115.7296933,0.21237604699999998,0.21237604699999998,South Asia,72.8,30.5167
Pakistan,1983-01-01,86285935,111.93173390000001,0.21237604699999998,0.21237604699999998,South Asia,72.8,30.5167
Pakistan,1982-01-01,83431605,108.22904340000001,1387118.0,0.01662581,South Asia,72.8,30.5167
Pakistan,1981-01-01,80680459,104.66020520000001,0.21237604699999998,0.21237604699999998,South Asia,72.8,30.5167
Pakistan,1980-01-01,78054343,101.2535583,0.21237604699999998,0.21237604699999998,South Asia,72.8,30.5167
Pakistan,1979-01-01,75561131,98.01931688,0.21237604699999998,0.21237604699999998,South Asia,72.8,30.5167
Pakistan,1978-01-01,73197258,94.95285648,0.21237604699999998,0.21237604699999998,South Asia,72.8,30.5167
Pakistan,1977-01-01,70958169,92.04826821,672203.0,0.009473229,South Asia,72.8,30.5167
Pakistan,1976-01-01,68834326,89.29317922,0.21237604699999998,0.21237604699999998,South Asia,72.8,30.5167
Pakistan,1975-01-01,66816877,86.67610653,0.21237604699999998,0.21237604699999998,South Asia,72.8,30.5167
Pakistan,1974-01-01,64905998,84.19727844,0.21237604699999998,0.21237604699999998,South Asia,72.8,30.5167
Pakistan,1973-01-01,63099406,81.85373340000001,0.21237604699999998,0.21237604699999998,South Asia,72.8,30.5167
Pakistan,1972-01-01,61381987,79.62586524,-138106.0,-0.002249943,South Asia,72.8,30.5167
Pakistan,1971-01-01,59734481,77.48868955,0.21237604699999998,0.21237604699999998,South Asia,72.8,30.5167
Pakistan,1970-01-01,58142060,75.42297115,0.21237604699999998,0.21237604699999998,South Asia,72.8,30.5167
Pakistan,1969-01-01,56598144,73.42017435,0.21237604699999998,0.21237604699999998,South Asia,72.8,30.5167
Pakistan,1968-01-01,55102684,71.48023557,0.21237604699999998,0.21237604699999998,South Asia,72.8,30.5167
Pakistan,1967-01-01,53655789,69.60329623,-209978.0,-0.003913427,South Asia,72.8,30.5167
Pakistan,1966-01-01,52260189,67.79289773,0.21237604699999998,0.21237604699999998,South Asia,72.8,30.5167
Pakistan,1965-01-01,50917975,66.05175254,0.21237604699999998,0.21237604699999998,South Asia,72.8,30.5167
Pakistan,1964-01-01,49627623,64.37788372,0.21237604699999998,0.21237604699999998,South Asia,72.8,30.5167
Pakistan,1963-01-01,48387301,62.76891475,0.21237604699999998,0.21237604699999998,South Asia,72.8,30.5167
Pakistan,1962-01-01,47198878,61.22727013,-93268.0,-0.001976064,South Asia,72.8,30.5167
Pakistan,1961-01-01,46065231,59.75668197,0.21237604699999998,0.21237604699999998,South Asia,72.8,30.5167
Pakistan,1960-01-01,44988690,0.21237604699999998,0.21237604699999998,0.21237604699999998,South Asia,72.8,30.5167
Sri Lanka,2018-01-01,21670000,345.558922,0.21237604699999998,0.21237604699999998,South Asia,79.8528,6.92148
Sri Lanka,2017-01-01,21444000,341.95503110000004,-489932.0,-0.022847042999999997,South Asia,79.8528,6.92148
Sri Lanka,2016-01-01,21203000,338.11194389999997,0.21237604699999998,0.21237604699999998,South Asia,79.8528,6.92148
Sri Lanka,2015-01-01,20970000,334.39642799999996,0.21237604699999998,0.21237604699999998,South Asia,79.8528,6.92148
Sri Lanka,2014-01-01,20778000,331.33471539999994,0.21237604699999998,0.21237604699999998,South Asia,79.8528,6.92148
Sri Lanka,2013-01-01,20585000,328.2570563,0.21237604699999998,0.21237604699999998,South Asia,79.8528,6.92148
Sri Lanka,2012-01-01,20425000,325.7056291,-484772.0,-0.023734247000000003,South Asia,79.8528,6.92148
Sri Lanka,2011-01-01,20398670,325.28575980000005,0.21237604699999998,0.21237604699999998,South Asia,79.8528,6.92148
Sri Lanka,2010-01-01,20261737,323.1021687,0.21237604699999998,0.21237604699999998,South Asia,79.8528,6.92148
Sri Lanka,2009-01-01,20123508,320.89791099999997,0.21237604699999998,0.21237604699999998,South Asia,79.8528,6.92148
Sri Lanka,2008-01-01,19983984,318.6730027,0.21237604699999998,0.21237604699999998,South Asia,79.8528,6.92148
Sri Lanka,2007-01-01,19842044,316.40956789999996,-520065.0,-0.026210253,South Asia,79.8528,6.92148
Sri Lanka,2006-01-01,19695972,314.0802424,0.21237604699999998,0.21237604699999998,South Asia,79.8528,6.92148
Sri Lanka,2005-01-01,19544988,311.6725881,0.21237604699999998,0.21237604699999998,South Asia,79.8528,6.92148
Sri Lanka,2004-01-01,19387153,309.1556849,0.21237604699999998,0.21237604699999998,South Asia,79.8528,6.92148
Sri Lanka,2003-01-01,19224037,306.55456860000004,0.21237604699999998,0.21237604699999998,South Asia,79.8528,6.92148
Sri Lanka,2002-01-01,19062482,303.97834480000006,-449480.0,-0.023579301,South Asia,79.8528,6.92148
Sri Lanka,2001-01-01,18911730,301.57439,0.21237604699999998,0.21237604699999998,South Asia,79.8528,6.92148
Sri Lanka,2000-01-01,18777601,299.4355127,0.21237604699999998,0.21237604699999998,South Asia,79.8528,6.92148
Sri Lanka,1999-01-01,18663284,297.6125658,0.21237604699999998,0.21237604699999998,South Asia,79.8528,6.92148
Sri Lanka,1998-01-01,18564599,296.03889330000004,0.21237604699999998,0.21237604699999998,South Asia,79.8528,6.92148
Sri Lanka,1997-01-01,18470900,294.5447297,-461684.0,-0.024995208999999997,South Asia,79.8528,6.92148
Sri Lanka,1996-01-01,18367288,292.8924892,0.21237604699999998,0.21237604699999998,South Asia,79.8528,6.92148
Sri Lanka,1995-01-01,18242912,290.9091373,0.21237604699999998,0.21237604699999998,South Asia,79.8528,6.92148
Sri Lanka,1994-01-01,18094477,288.54213039999996,0.21237604699999998,0.21237604699999998,South Asia,79.8528,6.92148
Sri Lanka,1993-01-01,17924823,285.8367565,0.21237604699999998,0.21237604699999998,South Asia,79.8528,6.92148
Sri Lanka,1992-01-01,17736821,282.8387976,-255780.0,-0.014420848,South Asia,79.8528,6.92148
Sri Lanka,1991-01-01,17535729,279.6321001,0.21237604699999998,0.21237604699999998,South Asia,79.8528,6.92148
Sri Lanka,1990-01-01,17325773,276.28405360000005,0.21237604699999998,0.21237604699999998,South Asia,79.8528,6.92148
Sri Lanka,1989-01-01,17106753,272.7914687,0.21237604699999998,0.21237604699999998,South Asia,79.8528,6.92148
Sri Lanka,1988-01-01,16878189,269.14669110000006,0.21237604699999998,0.21237604699999998,South Asia,79.8528,6.92148
Sri Lanka,1987-01-01,16643952,265.4114495,-137440.0,-0.008257654,South Asia,79.8528,6.92148
Sri Lanka,1986-01-01,16408859,261.6625578,0.21237604699999998,0.21237604699999998,South Asia,79.8528,6.92148
Sri Lanka,1985-01-01,16176280,257.9537554,0.21237604699999998,0.21237604699999998,South Asia,79.8528,6.92148
Sri Lanka,1984-01-01,15948487,254.32127250000002,0.21237604699999998,0.21237604699999998,South Asia,79.8528,6.92148
Sri Lanka,1983-01-01,15724651,250.7518897,0.21237604699999998,0.21237604699999998,South Asia,79.8528,6.92148
Sri Lanka,1982-01-01,15501207,247.18875780000002,-398693.0,-0.025720126,South Asia,79.8528,6.92148
Sri Lanka,1981-01-01,15272831,243.54697819999996,0.21237604699999998,0.21237604699999998,South Asia,79.8528,6.92148
Sri Lanka,1980-01-01,15035834,239.7677244,0.21237604699999998,0.21237604699999998,South Asia,79.8528,6.92148
Sri Lanka,1979-01-01,14788862,235.82940519999997,0.21237604699999998,0.21237604699999998,South Asia,79.8528,6.92148
Sri Lanka,1978-01-01,14533690,231.7603253,0.21237604699999998,0.21237604699999998,South Asia,79.8528,6.92148
Sri Lanka,1977-01-01,14273495,227.6111465,-237500.0,-0.016639232,South Asia,79.8528,6.92148
Sri Lanka,1976-01-01,14012899,223.4555733,0.21237604699999998,0.21237604699999998,South Asia,79.8528,6.92148
Sri Lanka,1975-01-01,13755146,219.3453357,0.21237604699999998,0.21237604699999998,South Asia,79.8528,6.92148
Sri Lanka,1974-01-01,13501935,215.3075267,0.21237604699999998,0.21237604699999998,South Asia,79.8528,6.92148
Sri Lanka,1973-01-01,13252036,211.32253230000003,0.21237604699999998,0.21237604699999998,South Asia,79.8528,6.92148
Sri Lanka,1972-01-01,13002231,207.3390368,-145000.0,-0.011151932,South Asia,79.8528,6.92148
Sri Lanka,1971-01-01,12747821,203.2821081,0.21237604699999998,0.21237604699999998,South Asia,79.8528,6.92148
Sri Lanka,1970-01-01,12485740,199.1028544,0.21237604699999998,0.21237604699999998,South Asia,79.8528,6.92148
Sri Lanka,1969-01-01,12214956,194.784819,0.21237604699999998,0.21237604699999998,South Asia,79.8528,6.92148
Sri Lanka,1968-01-01,11937600,190.3619837,0.21237604699999998,0.21237604699999998,South Asia,79.8528,6.92148
Sri Lanka,1967-01-01,11657650,185.8977834,-38500.0,-0.0033025520000000003,South Asia,79.8528,6.92148
Sri Lanka,1966-01-01,11380670,181.480944,0.21237604699999998,0.21237604699999998,South Asia,79.8528,6.92148
Sri Lanka,1965-01-01,11110820,177.17780259999998,0.21237604699999998,0.21237604699999998,South Asia,79.8528,6.92148
Sri Lanka,1964-01-01,10849975,173.0182587,0.21237604699999998,0.21237604699999998,South Asia,79.8528,6.92148
Sri Lanka,1963-01-01,10597511,168.99236169999998,0.21237604699999998,0.21237604699999998,South Asia,79.8528,6.92148
Sri Lanka,1962-01-01,10352179,165.0801945,-47500.0,-0.004588406,South Asia,79.8528,6.92148
Sri Lanka,1961-01-01,10111637,161.2444108,0.21237604699999998,0.21237604699999998,South Asia,79.8528,6.92148
Sri Lanka,1960-01-01,9874476,0.21237604699999998,0.21237604699999998,0.21237604699999998,South Asia,79.8528,6.92148
